left_hand,mark_left,mark_right,right_hand
369.36630249,240.0,420.0,500.0
367.508789062,238.199704003,419.751642667,500.0
365.949707031,236.398611241,419.491384009,500.0
364.508743286,234.597512784,419.219078597,364.230194092
362.600631714,232.797226557,418.93457879,362.528793335
361.095504761,230.998597687,418.637734876,361.20300293
360.57925415,229.202498817,418.328395228,360.497055054
358.082229614,227.409830388,418.006406479,358.712463379
355.779418945,225.621520888,417.671613707,357.082824707
353.309783936,223.838527055,417.323860645,356.427520752
350.557952881,222.061834042,416.962989905,355.686523438
346.899993896,220.292455539,416.588843219,353.815032959
343.672195435,218.531433834,416.201261709,351.990234375
338.878082275,216.779839829,415.800086168,349.123275757
337.469085693,215.038772996,415.38515737,347.881118774
334.340744019,213.30936127,414.956316401,345.993362427
331.714202881,211.59276087,414.513405013,344.132461548
327.679550171,209.890156058,414.056266008,340.790557861
326.486190796,208.202758819,413.584743641,339.723114014
323.465515137,206.531808455,413.098684052,337.042526245
321.644195557,204.878571102,412.597935735,335.44078064
320.130462646,203.244339156,412.08235002,334.017791748
319.043807983,201.630430597,411.551781597,332.627822876
318.040435791,200.038188223,411.006089065,331.711532593
317.280822754,198.468978778,410.445135513,330.909561157
316.526107788,196.924191967,409.868789135,330.210876465
315.92741394,195.405239361,409.276923869,329.283432007
315.580535889,193.913553186,408.669420079,328.28894043
316.015319824,192.450584983,408.046165263,326.17098999
317.376281738,191.017804154,407.407054794,323.939086914
319.882034302,189.616696364,406.751992697,321.03565979
324.27885437,188.24876182,406.080892454,317.68421936
329.561889648,186.915513406,405.393677843,314.003051758
338.20866394,185.618474683,404.690283812,309.221298218
343.930099487,184.359177745,403.970657376,306.144546509
343.930099487,183.139160932,403.234758545,306.144546509
354.000640869,181.959966396,402.482561289,300.052322388
356.832992554,180.823137519,401.714054513,298.179412842
359.220535278,179.730216195,400.92924307,296.386611938
360.902099609,178.682739954,400.128148791,294.808242798
362.353652954,177.682238953,399.310811526,293.214187622
363.661422729,176.730232818,398.477290217,291.698440552
364.05291748,175.828227357,397.627663968,290.905792236
364.334793091,174.977711133,396.762033132,290.377487183
364.560073853,174.180151916,395.880520403,289.982711792
364.600814819,173.43699301,394.983271901,289.898712158
364.726730347,172.749649469,394.070458257,289.844512939
365.059295654,172.119504214,393.14227569,289.935943604
365.614868164,171.547904051,392.198947057,289.8931427
366.979553223,171.036155614,391.240722894,289.71522522
368.843521118,170.585521235,390.267882418,288.897338867
370.80128479,170.197214765,389.280734493,286.765808105
373.31918335,169.872397356,388.279618562,281.684768677
375.417076111,169.612173219,387.264905513,276.429153442
376.455963135,169.417585386,386.236998503,272.310623169
379.005271912,169.289611483,385.196333699,268.580337524
379.352714539,169.229159541,384.143380958,265.195709229
379.611846924,169.237063868,383.078644413,262.419433594
380.269920349,169.314081005,382.002662972,258.620162964
380.54208374,169.460885773,380.916010719,256.630371094
380.790435791,169.67806747,379.819297203,255.2684021
381.056274414,169.966126199,378.71316761,254.137924194
381.17565155,170.325469387,377.598302815,252.982147217
381.371917725,170.756408505,376.4754193,251.0340271
381.509605408,171.259156008,375.345268932,249.657958984
381.567741394,171.833822533,374.208638598,248.391494751
381.69342804,172.480414373,373.06634969,246.566864014
381.767875671,173.198831247,371.91925743,245.359771729
381.861915588,173.988864391,370.76825004,243.942565918
382.076286316,174.850194992,369.614247742,241.042572021
382.32144165,175.782392985,368.4582016,238.46762085
382.496696472,176.784916227,367.301092184,236.394897461
382.719322205,177.857110068,366.143928081,234.625427246
382.974769592,178.998207327,364.987744222,233.402557373
383.179138184,180.207328691,363.833600062,230.635375977
383.321220398,181.483483542,362.682577588,229.509429932
383.494804382,182.82557121,361.535779174,228.717987061
383.695388794,184.232382675,360.394325292,227.782806396
384.081939697,185.702602695,359.259352076,225.664794922
384.259536743,187.234812364,358.132008756,224.191741943
384.293914795,188.827492107,357.013454969,222.90524292
384.132408142,190.479025078,355.90485796,221.986755371
383.516555786,192.187700963,354.807389683,220.540679932
380.503662109,193.951720177,353.722223826,217.491516113
377.658256531,195.769198412,352.650532753,216.526306152
372.807426453,197.638171541,351.593484403,215.017730713
369.060394287,199.556600835,350.55223915,214.380279541
364.794326782,201.522378471,349.52794664,214.144470215
360.780502319,203.533333302,348.521742623,213.774261475
355.640441895,205.587236856,347.534745807,212.958709717
354.093399048,207.681809528,346.568054734,212.746276855
352.602706909,209.814726935,345.62274472,212.482147217
347.748779297,211.983626395,344.699864844,211.823486328
345.373840332,214.186113489,343.800435041,211.431427002
343.461105347,216.419768678,342.925443281,211.080047607
341.469436646,218.682153933,342.075842871,210.770965576
340.127304077,220.970819335,341.252549892,210.580566406
338.524307251,223.283309623,340.456440773,210.579620361
337.718322754,225.617170638,339.68835003,210.698883057
336.960372925,227.969955652,338.949068175,210.842895508
336.374237061,230.339231518,338.239339798,211.091217041
335.815734863,232.722584644,337.559861848,211.572418213
335.349578857,235.117626744,336.9112821,212.420959473
335.194641113,237.522000336,336.294197831,213.054351807
335.117050171,239.933383988,335.709154696,213.728393555
335.100540161,242.349497261,335.156645818,214.453643799
335.113082886,244.768105356,334.637111085,215.505767822
335.200332642,247.187023431,334.150936652,216.285797119
335.54069519,249.604120599,333.698454661,216.809783936
336.612991333,252.017323567,333.279943149,218.743682861
337.582244873,254.424619941,332.895626175,220.571807861
338.435195923,256.824061167,332.54567412,221.718475342
338.927581787,259.213765131,332.230204191,222.376708984
340.225479126,261.591918395,331.949281091,224.855407715
340.767456055,263.956778095,331.702917868,226.792602539
341.29548645,266.306673491,331.491076917,230.44317627
341.668716431,268.640007182,331.313671134,233.080535889
341.883758545,270.955256009,331.170565208,235.777099609
341.995956421,273.250971627,331.061577047,238.071166992
342.047805786,275.525780794,330.986479303,241.743225098
342.042358398,277.77838537,330.945001022,244.254562378
342.024047852,280.007562042,330.936829366,247.6512146
342.00642395,282.2121618,330.961611429,248.82572937
341.923828125,284.391109178,331.01895611,252.9715271
341.88067627,286.543401275,331.10843605,255.542556763
341.806655884,288.668106568,331.22958961,258.217971802
341.755172729,290.764363553,331.381922882,260.799545288
341.682815552,292.831379211,331.564911721,264.276229858
341.653152466,294.868427328,331.7780038,266.196548462
341.633743286,296.874846686,332.020620651,268.144714355
341.58946228,298.850039136,332.292159714,270.5131073
341.572341919,300.793467577,332.591996366,271.119338989
341.564407349,302.70465385,332.91948593,273.041183472
341.570831299,304.583176564,333.273965645,274.378601074
341.570236206,306.428668872,333.654756616,276.758087158
341.570785522,308.240816206,334.061165705,278.376968384
341.609466553,310.019353986,334.492487385,280.403289795
341.669845581,311.764065312,334.948005535,282.374069214
341.80796814,313.474778656,335.426995186,285.404266357
342.039031982,315.151365555,335.928724196,288.420883179
342.267608643,316.793738327,336.45245487,291.706726074
342.441726685,318.401847805,336.997445513,293.80581665
342.839630127,319.975681104,337.562951911,296.511734009
343.355316162,321.51525943,338.148228748,299.049682617
343.689041138,323.020635927,338.75253095,301.83442688
344.408798218,324.491893584,339.375114958,304.81036377
344.775283813,325.929143182,340.015239933,306.679122925
345.678314209,327.332521314,340.672168886,309.46081543
346.269317627,328.70218846,341.345169742,311.137237549
347.010452271,330.038327121,342.033516329,313.857284546
347.586959839,331.34114003,342.736489309,316.578414917
347.986663818,332.610848421,343.453377027,318.604263306
348.317123413,333.847690375,344.183476307,320.421524048
348.511962891,335.051919229,344.926093181,321.530441284
348.890289307,336.223802059,345.68054355,323.442550659
349.301712036,337.363618231,346.446153791,325.398178101
349.847427368,338.471658022,347.222261309,327.125961304
350.396102905,339.548221307,348.00821502,328.626083374
350.853561401,340.593616317,348.803375798,329.400634766
351.613891602,341.608158464,349.607116854,330.568450928
352.028915405,342.592169225,350.418824079,331.066940308
352.302185059,343.545975098,351.237896332,331.445053101
352.519439697,344.46990661,352.063745689,332.091201782
352.573760986,345.364297395,352.895797644,332.699066162
352.574951172,346.229483323,353.733491277,333.830108643
352.559234619,347.065801685,354.57627938,335.044006348
352.53755188,347.873590438,355.423628547,336.1847229
352.508255005,348.653187497,356.275019237,337.536361694
352.507247925,349.404930075,357.1299458,338.468612671
352.729476929,350.129154079,357.987916474,339.697998047
353.556625366,350.826193542,358.848453359,340.75050354
354.65864563,351.496380103,359.711092365,341.416671753
355.56854248,352.140042533,360.575383134,341.730743408
358.469909668,352.757506291,361.440888944,342.392807007
360.347183228,353.349093123,362.307186592,342.633590698
363.231567383,353.915120699,363.173866259,342.916442871
365.568847656,354.455902279,364.040531358,343.149856567
367.123245239,354.971746411,364.90679837,343.270401001
368.672180176,355.462956662,365.772296662,343.400192261
370.521652222,355.929831376,366.636668297,343.535751343
371.296447754,356.372663456,367.499567833,343.63822937
372.068267822,356.791740176,368.360662106,343.876663208
372.680023193,357.187343013,369.219630016,344.532958984
372.967468262,357.559747503,370.076162294,345.201568604
373.069816589,357.909223112,370.929961271,345.994232178
373.114494324,358.236033137,371.780740635,346.840057373
373.119644165,358.540434614,372.628225192,348.251739502
373.122161865,358.82267825,373.472150611,349.110565186
373.134117126,359.083008366,374.31226318,350.876922607
373.219764709,359.321662858,375.148319548,351.660873413
373.591171265,359.538873172,375.980086472,352.40234375
373.864372253,359.734864284,376.807340562,352.785308838
374.396827698,359.909854704,377.629868022,353.159301758
375.069602966,360.064056476,378.447464399,353.544311523
376.18977356,360.197675204,379.25993432,354.001953125
377.197967529,360.310910073,380.067091246,354.940429688
377.927452087,360.403953886,380.868757213,355.277572632
378.674293518,360.476993107,381.664762582,355.68321228
378.929168701,360.53020791,382.454945791,355.828872681
379.394790649,360.56377224,383.239153107,356.079528809
379.695083618,360.577853866,384.017238384,356.372146606
379.809173584,360.572614459,384.78906282,356.571472168
379.877388,360.54820966,385.554494718,356.743713379
379.870391846,360.504789155,386.313409254,356.768051147
379.949249268,360.442496763,387.065688245,356.804611206
380.054130554,360.361470516,387.811219919,357.148971558
380.237442017,360.261842749,388.549898695,357.549453735
380.556564331,360.143740193,389.281624959,358.079421997
380.939323425,360.007284067,390.006304851,358.742095947
381.323669434,359.852590178,390.723850052,359.145141602
381.81842041,359.679769019,391.434177575,359.413284302
383.002548218,359.488925871,392.137209562,359.743896484
383.410270691,359.280160907,392.832873084,359.760513306
384.486091614,359.053569293,393.521099945,359.740753174
384.822372437,358.809241304,394.20182649,359.703552246
385.088737488,358.54726242,394.87499342,359.463226318
385.476646423,358.267713446,395.540545606,358.893783569
386.028106689,357.970670619,396.198431909,357.237365723
386.658607483,357.656205717,396.84860501,356.603820801
386.882362366,357.324386177,397.491021231,356.454772949
387.458961487,356.975275207,398.125640377,356.193740845
388.156211853,356.608931898,398.752425565,356.125396729
389.8022995,356.225411345,399.371343068,356.09463501
391.810432434,355.824764762,399.982362161,356.062545776
395.245536804,355.407039598,400.585454966,356.073303223
395.998138428,354.972279656,401.180596307,356.106765747
396.758781433,354.520525216,401.767763561,356.347671509
397.501686096,354.051813152,402.346936525,356.44152832
398.306999207,353.566177052,402.918097271,356.501815796
399.23110199,353.063647347,403.481230014,356.588363647
399.482643127,352.544251428,404.036320986,356.594116211
399.78729248,352.008013773,404.583358302,356.585418701
399.891220093,351.454956072,405.12233184,356.497772217
400.427886963,350.885097355,405.653233118,356.472320557
400.955818176,350.298454121,406.176055177,356.397537231
401.54385376,349.695040464,406.690792465,356.246765137
402.027229309,349.074868206,407.197440725,356.066009521
402.647987366,348.43794703,407.695996885,355.985076904
402.708244324,347.784284614,408.186458952,355.935775757
402.846084595,347.113886766,408.668825906,356.179916382
402.861755371,346.42675756,409.143097599,356.294174194
402.835594177,345.722899478,409.609274657,356.246292114
403.030044556,345.00231355,410.06735838,355.274078369
403.456283569,344.264999501,410.51735065,354.149871826
403.55960083,343.510955888,410.959253834,353.597747803
403.483901978,342.740180259,411.3930707,352.835739136
403.386230469,341.952669297,411.818804322,352.42590332
403.712127686,341.148418972,412.236457998,351.925018311
404.26020813,340.327424705,412.646035162,350.995269775
404.942047119,339.489681518,413.047539304,350.357330322
405.304641724,338.6351842,413.440973885,348.74861145
405.426261902,337.763927473,413.826342263,348.132873535
405.534393311,336.875906158,414.203647607,347.651535034
405.612243652,335.971115349,414.57289283,346.704986572
405.671089172,335.049550586,414.934080505,345.537704468
405.774047852,334.111208038,415.287212798,344.347808838
405.776527405,333.156084682,415.632291391,343.527587891
405.719589233,332.184178493,415.969317415,342.541564941
406.687034607,331.195488633,416.298291376,341.763565063
407.71987915,330.190015651,416.619213089,340.744308472
408.340141296,329.16776168,416.932081609,340.131286621
408.737632751,328.128730642,417.236895164,339.669342041
409.072067261,327.072928461,417.533651091,338.891082764
409.425704956,326.000363275,417.822345769,337.953353882
410.109474182,324.911045658,418.102974556,336.355682373
410.595573425,323.804988845,418.375531726,334.841690063
410.694793701,322.682208967,418.640010405,333.697570801
410.768783569,321.54272528,418.896402512,333.201583862
410.97819519,320.386560417,419.144698696,332.451309204
411.233398438,319.213740631,419.384888276,331.784881592
411.111434937,318.024296054,419.616959182,330.717498779
411.102142334,316.818260954,419.840897895,329.286224365
411.157974243,315.59567401,420.056689387,328.099578857
411.210144043,314.356578583,420.264317067,326.931884766
411.295227051,313.101022997,420.46376272,326.028656006
412.021736145,311.829060831,420.655006451,323.839416504
412.435966492,310.540751214,420.838026628,322.962295532
413.069168091,309.236159127,421.012799827,321.881958008
413.487014771,307.915355718,421.179300776,320.785614014
413.789489746,306.578418617,421.337502298,318.513839722
413.922897339,305.225432265,421.487375261,317.185272217
414.103736877,303.856488247,421.628888517,315.812255859
414.549507141,302.471685635,421.762008855,314.576828003
414.809593201,301.071131339,421.886700943,313.153427124
414.979042053,299.654940464,422.002927279,310.685653687
415.197433472,298.22323668,422.110648136,309.24508667
415.402038574,296.776152594,422.209821513,307.007064819
415.476799011,295.313830137,422.300403081,305.49269104
415.448143005,293.836420952,422.382346138,304.296081543
415.213623047,292.344086799,422.455601556,302.850036621
415.099960327,290.83699996,422.520117731,301.160675049
414.887145996,289.315343661,422.575840542,299.362487793
414.398704529,287.779312492,422.622713298,296.986572266
413.143859863,286.229112847,422.660676696,295.463699341
412.72844696,284.664963359,422.689668777,293.915435791
412.126899719,283.087095357,422.709624882,292.624221802
412.085067749,281.495753321,422.720477611,291.602127075
412.257476807,279.891195346,422.722156786,289.545623779
411.915100098,278.273693619,422.714589407,288.19720459
411.694374084,276.643534895,422.697699625,287.021621704
411.686279297,275.001020986,422.671408699,285.263549805
411.840751648,273.346469256,422.635634973,282.776916504
412.082336426,271.680213115,422.59029384,280.907272339
412.202415466,270.002602532,422.535297723,279.098083496
412.227050781,268.314004538,422.470556047,277.579452515
412.422805786,266.614803742,422.395975221,275.627029419
412.476249695,264.905402851,422.311458621,272.84185791
411.977622986,263.186223191,422.216906583,270.68901062
411.844551086,261.457705229,422.112216387,270.055038452
411.829330444,259.720309095,421.997282263,268.113891602
411.829330444,257.974515115,421.871995384,268.113891602
411.819221497,256.220824328,421.736243883,265.965042114
411.865997314,254.459759012,421.589912855,264.453689575
411.976638794,252.691863205,421.432884388,263.825897217
412.230239868,250.917703215,421.26503758,262.12059021
412.399002075,249.137868138,421.086248578,261.161193848
412.800460815,247.352970353,420.896390617,260.186248779
413.78918457,245.56364602,420.695334072,259.366638184
414.307312012,243.770555561,420.482946512,258.899108887
416.205062866,241.974384131,420.259092774,258.225082397
415.252410889,240.175842074,420.023635038,257.042114258
415.998321533,238.375665361,419.776432916,256.751800537
416.191955566,236.574616012,419.517343555,255.659011841
416.110649109,234.77348249,419.246221751,254.953430176
416.351547241,232.973080083,418.962920071,253.866882324
415.469009399,231.174251244,418.667289001,251.797576904
415.736824036,229.377865914,418.359177093,250.253738403
415.699745178,227.584821808,418.03843114,248.889816284
416.492286682,225.796044662,417.704896367,247.332855225
416.130058289,224.012488446,417.358416625,245.294937134
416.110801697,222.235135531,416.998834627,243.853973389
415.93347168,220.464996814,416.62599218,241.12411499
415.984397888,218.703111787,416.239730453,239.362213135
416.34223938,216.950548559,415.839890257,237.456665039
416.297927856,215.208403812,415.426312354,235.774932861
416.478874207,213.477802706,414.998837785,233.252044678
416.968154907,211.759898708,414.557308221,231.481109619
416.823135376,210.055873351,414.101566343,228.94140625
416.628082275,208.366935928,413.631456244,228.112182617
416.983528137,206.694323091,413.146823863,225.010955811
416.633033752,205.03929838,412.64751744,223.416412354
415.744117737,203.403151651,412.133388007,220.944091797
414.659950256,201.787198416,411.604289901,218.735748291
415.708366394,200.192779087,411.060081315,217.706207275
415.766082764,198.621258109,410.500624873,216.795440674
416.283332825,197.074022988,409.92578824,216.109436035
417.345039368,195.552483211,409.335444766,215.391601562
417.350357056,194.058069042,408.729474156,214.203186035
417.458351135,192.592230199,408.107763177,213.952911377
417.732894897,191.156434405,407.4702064,213.039642334
417.77407074,189.752165811,406.81670697,211.265380859
417.763168335,188.380923281,406.147177407,209.100463867
417.573532104,187.044218548,405.461540446,207.333496094
417.368667603,185.743574221,404.759729905,205.846130371
416.871818542,184.48052166,404.041691577,203.287109375
416.49785614,183.256598698,403.307384164,201.448486328
416.077079773,182.073347225,402.556780225,199.284912109
414.510795593,180.932310623,401.789867165,197.291320801
413.71723938,179.835031055,401.006648233,195.175994873
412.716186523,178.783046608,400.207143552,193.912780762
409.928604126,177.777888295,399.391391169,193.142578125
407.54524231,176.821076915,398.55944811,191.982879639
404.808891296,175.914119774,397.711391462,189.324981689
401.800109863,175.058507277,396.847319455,187.791381836
399.227584839,174.255709383,395.967352551,185.842224121
397.320358276,173.507171953,395.071634532,183.846130371
395.790596008,172.814312971,394.160333588,182.443054199
393.46534729,172.178518671,393.233643389,180.709014893
393.46534729,171.601139568,392.291784145,180.709014893
392.516273499,171.083486399,391.335003642,178.749938965
392.262512207,170.626826011,390.363578251,177.086395264
392.250953674,170.232377177,389.377813897,175.714752197
392.20715332,169.901306385,388.378046996,174.547119141
392.096305847,169.634723597,387.364645327,173.617492676
391.976112366,169.43367801,386.338008859,172.9402771
391.827148438,169.299153826,385.298570503,171.578613281
391.616088867,169.232066059,384.246796796,170.462799072
390.926490784,169.233256403,383.183188498,169.679931641
390.385726929,169.303489171,382.108281101,168.825866699
389.543876648,169.443447341,381.022645237,168.165283203
388.727363586,169.653728731,379.926886978,167.575134277
387.21547699,169.934842317,378.821648026,166.856506348
385.634078979,170.28720473,377.70760577,165.989929199
384.174766541,170.711136955,376.585473218,165.736114502
382.537536621,171.20686125,375.455998794,165.662078857
381.442443848,171.774498318,374.319965985,165.486450195
380.261322021,172.414064751,373.178192837,164.974273682
379.794113159,173.12547077,372.0315313,164.815124512
378.385368347,173.908518287,370.880866414,164.490570068
377.615325928,174.762899301,369.727115322,164.416015625
376.813873291,175.688194661,368.57122613,164.344360352
375.556175232,176.683873201,367.414176589,163.953430176
374.918083191,177.749291272,366.256972618,163.891418457
373.141365051,178.883692678,365.100646653,163.874298096
371.522323608,180.086209033,363.946255837,164.114013672
370.035415649,181.355860546,362.794880046,164.179290771
368.315612793,182.691557235,361.647619763,164.280090332
366.348464966,184.092100579,360.505593796,164.747802734
365.739257812,185.556185609,359.36993686,164.974975586
363.884750366,187.082403424,358.241797021,165.669494629
362.762237549,188.669244143,357.122333021,166.307281494
361.803939819,190.315100262,356.012711487,166.895172119
360.835464478,192.018270423,354.914104046,169.85559082
360.220245361,193.776963567,353.827684347,171.712738037
359.693023682,195.589303456,352.75462502,174.27935791
359.289230347,197.453333536,351.696094575,176.873596191
358.843261719,199.36702213,350.653254266,180.241394043
358.43611145,201.328267915,349.627254924,183.766021729
358.227416992,203.334905672,348.619233797,186.163879395
358.067276001,205.38471226,347.630311397,188.594329834
357.974533081,207.475412792,346.661588373,190.613311768
357.792602539,209.604686977,345.714142442,194.68359375
357.666595459,211.770175587,344.78902538,197.795288086
357.449935913,213.969487012,343.887260093,201.213684082
357.268585205,216.200203878,343.009837795,204.286224365
357.117782593,218.459889668,342.157715298,206.711242676
356.968399048,220.746095337,341.331812428,207.814575195
356.644668579,223.056365858,340.533009591,209.657104492
356.368209839,225.388246686,339.762145494,210.890777588
355.99848938,227.73929009,339.020015035,212.141571045
355.511825562,230.107061331,338.307367373,213.465301514
354.749694824,232.489144649,337.62490418,215.640441895
354.044265747,234.883149037,336.973278099,216.818267822
352.850524902,237.28671377,336.353091393,218.456573486
352.850524902,239.697513669,335.764894807,218.456573486
351.273086548,242.11326408,335.20918663,220.757568359
349.475234985,244.531725548,334.686411976,222.572692871
348.265228271,246.950708169,334.196962269,224.016845703
347.043380737,249.368075617,333.741174933,225.776489258
346.23008728,251.78174882,333.319333292,226.837982178
345.819778442,254.189709298,332.931666667,227.731567383
344.451324463,256.590002139,332.578350666,229.952606201
343.522216797,258.980738632,332.259507665,231.266021729
342.229980469,261.360098541,331.975207464,233.239837646
341.390136719,263.72633203,331.725468115,234.761322021
340.171096802,266.077761253,331.510256913,237.31463623
339.753311157,268.412781599,331.329491537,238.170776367
338.44758606,270.729862623,331.183041328,240.813415527
337.954879761,273.027548653,331.070728695,243.020141602
337.465911865,275.304459105,330.992330646,245.925521851
337.083450317,277.559288506,330.947580409,247.93057251
336.725738525,279.790806251,330.936169163,250.385040283
336.32359314,281.997856101,330.957747833,253.767807007
336.102523804,284.179355443,331.011928967,257.402938843
335.953689575,286.334294333,331.098288663,259.602081299
335.840759277,288.461734333,331.216368543,262.21421814
335.738632202,290.56080716,331.365677761,264.492324829
335.635498047,292.630713176,331.545695039,267.482559204
335.576965332,294.670719716,331.755870711,270.120605469
335.532073975,296.680159296,331.995628775,272.72492981
335.473724365,298.65842769,332.264368934,275.609222412
335.339859009,300.604981925,332.561468634,279.193893433
335.279281616,302.519338176,332.886285067,280.584320068
335.029144287,304.401069604,333.238157156,284.488113403
334.893035889,306.24980413,333.616407495,285.59312439
334.515197754,308.065222179,334.020344257,288.746353149
334.259170532,309.847054388,334.449263045,290.800613403
334.011764526,311.5950793,334.902448696,293.034301758
333.836395264,313.309121055,335.37917703,295.052642822
333.719070435,314.989047083,335.878716534,297.196456909
333.667648315,316.634765818,336.400329986,299.517456055
333.660369873,318.246224427,336.943276015,300.607284546
333.685760498,319.823406579,337.506810589,302.922012329
333.776306152,321.366330244,338.090188441,305.233428955
333.920898438,322.875045538,338.692664415,306.768493652
334.11831665,324.349632624,339.313494751,308.137954712
334.402984619,325.790199657,339.951938291,309.350387573
334.946670532,327.196880795,340.607257623,310.861999512
335.54524231,328.569834264,341.278720146,312.417282104
336.631576538,329.909240495,341.965599072,314.682876587
337.626449585,331.215300321,342.667174354,316.075881958
338.586013794,332.488233243,343.382733551,317.137054443
339.583007812,333.728275767,344.111572626,318.326858521
340.38230896,334.935679807,344.85299668,319.62727356
341.143386841,336.110711161,345.606320622,321.032012939
341.866851807,337.253648057,346.370869781,322.395019531
342.491516113,338.364779763,347.145980461,323.668945312
343.108200073,339.444405273,347.931000434,325.351074219
343.808547974,340.492832056,348.725289387,327.351303101
344.02671814,341.51037487,349.52821931,328.689865112
344.401245117,342.497354648,350.339174842,330.163101196
344.792251587,343.454097441,351.157553563,332.141067505
344.897720337,344.380933425,351.982766248,332.738998413
345.15574646,345.27819597,352.814237071,334.264526367
345.346176147,346.146220762,353.651403779,335.257507324
345.59085083,346.98534499,354.493717818,336.098312378
345.776977539,347.795906576,355.340644434,336.781066895
346.032913208,348.57824347,356.191662726,337.338684082
346.494369507,349.332692982,357.046265688,338.044250488
346.923995972,350.05959117,357.903960201,338.613922119
347.777130127,350.759272274,358.764267012,339.365493774
348.579498291,351.432068191,359.626720686,340.089309692
349.20892334,352.07830799,360.490869526,340.573532104
349.863861084,352.698317472,361.356275483,341.000778198
350.435943604,353.292418763,362.222514038,341.543869019
351.077758789,353.860929948,363.089174072,342.781845093
351.865921021,354.40416473,363.95585771,344.594345093
352.535858154,354.922432129,364.822180166,345.561981201
353.360610962,355.416036212,365.687769554,346.40586853
354.00944519,355.885275841,366.552266708,346.958404541
355.10118103,356.330444461,367.415324971,347.640701294
355.767547607,356.751829903,368.276609991,348.141143799
357.306686401,357.149714219,369.135799499,349.254928589
358.338760376,357.524373529,369.992583079,350.007110596
359.527526855,357.876077899,370.84666194,350.66242981
360.734848022,358.205091231,371.69774867,351.535202026
361.798629761,358.511671177,372.545567001,352.744842529
363.087234497,358.796069065,373.38985155,353.553390503
365.050979614,359.058529842,374.23034758,354.593353271
366.245132446,359.299292035,375.066810738,355.156860352
366.771743774,359.518587718,375.899006804,355.436355591
368.6015625,359.716642501,376.726711437,356.177749634
369.390655518,359.893675525,377.549709916,356.446594238
370.090896606,360.049899467,378.367796885,356.562728882
370.778488159,360.185520558,379.180776095,356.667816162
371.499298096,360.300738609,379.988460156,356.794448853
372.404197693,360.395747044,380.790670275,356.962921143
372.80569458,360.470732945,381.587236013,357.010955811
373.724052429,360.5258771,382.377995028,357.103683472
374.583106995,360.561354056,383.162792835,357.3959198
375.30443573,360.577332185,383.941482555,357.705841064
375.965667725,360.573973752,384.713924679,357.866119385
376.633346558,360.551434981,385.479986828,358.096710205
378.594802856,360.509866139,386.239543515,358.3802948
379.37285614,360.449411613,386.992475919,358.511672974
379.661903381,360.370209996,387.738671651,358.608428955
380.170410156,360.272394177,388.478024535,359.0184021
380.673904419,360.15609143,389.210434384,359.202728271
381.351203918,360.021423509,389.935806785,359.332885742
381.893371582,359.868506744,390.654052886,359.425476074
382.922554016,359.697452145,391.365089189,359.50100708
384.131408691,359.508365496,392.068837343,359.61656189
385.98034668,359.301347465,392.765223947,359.806411743
386.408752441,359.076493703,393.45418035,359.947647095
387.184997559,358.833894956,394.135642462,360.093978882
388.089271545,358.573637171,394.809550567,360.207855225
389.465820312,358.295801604,395.475849135,360.220169067
390.240516663,358.000464931,396.134486647,360.223739624
391.745063782,357.687699364,396.785415416,360.228057861
392.219535828,357.357572758,397.428591419,360.230407715
392.465240479,357.010148727,398.063974124,360.251113892
392.754119873,356.645486763,398.691526334,360.275924683
393.240638733,356.263642344,399.31121402,360.377319336
393.649833679,355.864667058,399.923006171,360.499038696
394.034347534,355.448608718,400.526874635,360.583587646
394.32219696,355.015511477,401.12279398,360.647979736
394.711578369,354.565415954,401.710741342,360.668685913
395.761825562,354.09835935,402.290696284,360.660797119
395.963790894,353.61437557,402.862640663,360.658477783
396.319145203,353.113495347,403.426558491,360.650115967
396.804443359,352.595746365,403.982435808,360.636428833
396.872024536,352.061153378,404.530260551,360.615264893
396.94317627,351.509738347,405.07002243,360.605606079
397.349578857,350.941520553,405.601712809,360.580413818
398.686988831,350.356516738,406.125324586,360.323806763
399.709213257,349.754741225,406.640852075,359.626434326
400.550712585,349.136206053,407.148290898,359.167266846
402.03188324,348.500921108,407.647637872,358.230239868
402.864746094,347.848894256,408.138890903,357.173858643
403.271354675,347.180131483,408.622048881,356.674789429
404.541236877,346.494637027,409.097111577,354.46244812
404.699394226,345.792413519,409.564079545,353.140380859
404.73588562,345.073462125,410.022954024,351.368331909
404.748985291,344.337782688,410.473736843,350.221099854
404.786697388,343.585373877,410.916430326,348.728057861
404.765007019,342.81623333,411.351037205,347.577560425
404.845458984,342.030357807,411.777560529,346.015563965
404.979042053,341.227743344,412.196003577,345.380401611
405.016326904,340.408385404,412.606369774,343.677307129
405.025466919,339.572279044,413.008662607,342.407989502
405.027297974,338.719419068,413.402885546,340.964141846
405.339042664,337.849800197,413.789041959,339.73828125
405.317756653,336.963417236,414.16713504,337.867446899
405.280632019,336.060265242,414.537167727,337.664718628
405.230064392,335.140339706,414.899142633,337.226272583
405.207145691,334.203636726,415.253061965,336.747741699
405.223007202,333.250153193,415.598927457,336.396972656
405.305557251,332.279886975,415.936740295,335.920547485
405.696037292,331.292837111,416.26650105,335.449325562
405.817199707,330.289004004,416.588209607,335.193511963
406.050582886,329.268389624,416.901865099,334.599227905
406.095802307,328.230997709,417.207465838,334.40838623
406.247367859,327.176833978,417.50500925,334.078994751
406.364974976,326.105906343,417.79449181,333.900604248
406.631950378,325.01822513,418.07590898,333.927352905
407.387611389,323.913803305,418.349255142,333.736328125
407.936820984,322.792656704,418.614523537,333.360198975
408.321556091,321.654804268,418.871706205,332.927078247
408.771118164,320.500268288,419.120793921,332.046676636
408.924629211,319.329074654,419.361776137,331.600662231
409.124099731,318.141253105,419.594640922,331.222915649
409.532554626,316.936837496,419.819374899,330.128494263
409.723648071,315.715866062,420.035963193,329.266860962
409.835693359,314.478381693,420.244389366,328.276168823
409.901893616,313.224432216,420.444635365,327.612365723
409.96282959,311.954070684,420.636681461,326.3956604
410.073532104,310.66735567,420.820506196,323.48147583
410.15171051,309.36435157,420.996086322,321.913314819
410.257019043,308.045128915,421.163396751,321.060623169
410.518310547,306.709764688,421.322410494,318.149703979
410.344894409,305.358342649,421.473098611,316.585403442
410.659584045,303.990953671,421.615430156,314.318893433
410.954048157,302.607696078,421.749372121,312.329162598
411.169334412,301.208675999,421.874889383,310.544570923
411.601966858,299.794007723,421.991944654,307.459762573
411.886001587,298.363814065,422.100498428,305.642608643
412.702461243,296.918226743,422.200508928,302.470367432
413.053466797,295.457386759,422.291932054,300.539581299
413.590629578,293.98144479,422.374721339,299.563247681
414.207939148,292.49056159,422.448827893,296.454360962
414.796600342,290.984908394,422.514200357,293.418609619
415.851539612,289.464667341,422.570784858,292.62387085
415.702461243,287.93003189,422.618524958,291.079681396
418.614395142,286.381207262,422.657361611,289.749267578
421.613113403,284.818410877,422.68723312,288.401641846
422.052246094,283.241872801,422.70807509,287.576446533
422.500518799,281.651836209,422.719820394,286.845245361
423.388130188,280.048557846,422.722399123,286.333221436
423.586776733,278.432308499,422.715738557,285.922210693
419.08682251,276.803373479,422.699763126,285.692581177
420.447601318,275.162053107,422.674394374,285.574371338
420.98600769,273.508663202,422.63955093,285.482513428
420.40398407,271.843535587,422.595148477,285.296127319
420.589012146,270.167018589,422.541099729,284.911499023
421.692375183,268.479477548,422.477314405,284.382385254
420.787391663,266.781295336,422.40369921,283.858474731
421.023475647,265.072872866,422.320157817,283.528533936
424.275474548,263.354629622,422.226590857,282.013717651
424.897964478,261.627004177,422.122895913,281.263214111
425.18939209,259.890454719,422.008967509,280.43548584
424.760993958,258.145459575,421.88469712,279.636108398
424.576461792,256.392517738,421.749973172,278.207290649
424.579536438,254.632149387,421.60468106,276.428665161
424.53553772,252.864896411,421.448703161,274.919387817
424.238647461,251.091322921,421.281918867,273.252166748
423.829452515,249.312015761,421.104204609,271.533004761
423.153411865,247.527585016,420.915433907,270.087051392
422.593231201,245.738664499,420.715477411,268.169998169
422.147254944,243.945912242,420.504202962,265.468032837
421.780647278,242.150010961,420.281475661,263.667297363
421.522720337,240.35166852,420.047157943,261.518951416
421.375518799,238.551618367,419.801109667,259.365783691
420.612464905,236.750619958,419.543188217,257.27444458
420.555419922,234.949459156,419.273248612,255.009719849
419.106567383,233.148948612,418.991143633,252.710617065
419.23526001,231.34992811,418.69672396,250.49609375
419.439277649,229.553264892,418.389838328,248.405853271
419.460212708,227.759853947,418.070333696,244.292358398
419.41986084,225.970618263,417.738055428,240.676757812
419.390853882,224.186509043,417.392847506,238.4246521
419.566513062,222.408505878,417.03455274,234.855834961
419.672569275,220.637616873,416.663013015,232.268157959
419.719665527,218.874878723,416.278069549,230.885467529
419.744689941,217.121356742,415.879563178,228.877380371
419.158615112,215.378144824,415.467334653,227.394622803
419.142211914,213.646365353,415.041224972,225.787261963
419.142211914,211.927169037,414.601075729,225.787261963
418.747032166,210.221734682,414.146729488,222.468902588
417.619880676,208.531268882,413.678030187,220.248321533
416.933555603,206.857005638,413.194823563,218.856506348
416.04019928,205.200205884,412.696957612,217.308807373
415.855354309,203.562156933,412.18428307,214.337127686
415.758262634,201.944171822,411.656653927,213.726776123
413.139190674,200.347588566,411.113927975,211.783294678
413.351547241,198.773769302,410.555967378,210.641235352
414.603942871,197.22409933,409.982639282,210.147094727
414.826522827,195.69998604,409.393816451,209.742736816
414.96408844,194.202857721,408.789377937,208.571044922
415.262077332,192.734162252,408.169209789,208.155700684
415.164680481,191.295365666,407.533205778,206.784454346
411.211296082,189.887950579,406.881268178,205.039306641
411.404510498,188.5134145,406.213308557,204.865142822
409.959953308,187.173267987,405.529248615,201.951202393
409.231864929,185.869032679,404.829021045,201.754852295
408.096855164,184.602239179,404.112570431,200.565643311
407.405792236,183.374424792,403.379854172,199.74987793
406.897186279,182.187131122,402.630843431,199.163513184
404.70098114,181.041901523,401.865524116,195.392608643
403.225257874,179.940278398,401.083897885,193.872772217
402.564964294,178.883800365,400.285983166,193.070007324
401.372764587,177.873999263,399.471816207,191.49029541
399.717376709,176.912397033,398.641452134,189.475372314
398.812133789,176.000502446,397.794966025,186.484710693
398.658462524,175.139807713,396.932453996,184.203063965
398.06047821,174.33178495,396.054034288,182.263885498
396.487831116,173.577882538,395.159848357,180.595306396
395.845954895,172.879521353,394.250061961,179.208740234
394.526702881,172.238090907,393.324866233,177.843994141
392.912872314,171.654945381,392.384478743,176.486419678
392.145828247,171.13139958,391.429144538,175.052825928
391.651344299,170.668724823,390.459137152,174.285095215
391.271057129,170.268144766,389.474759581,173.572540283
390.994354248,169.930831192,388.476345221,172.903106689
390.779075623,169.657899774,387.46425875,171.805664062
390.650054932,169.450405833,386.438896957,170.352722168
390.626678467,169.309340108,385.400689502,169.703582764
390.679763794,169.235624557,384.35009961,168.444610596
390.559837341,169.230108217,383.287624672,167.668182373
389.539779663,169.29356314,382.213796767,167.08203125
388.477668762,169.426680423,381.129183078,166.259490967
387.555145264,169.630066369,380.034386204,165.72088623
386.269889832,169.904238793,378.930044361,165.276184082
384.690795898,170.249623497,377.81683145,164.585876465
384.074371338,170.666550954,376.695457008,164.484222412
382.252006531,171.155253195,375.56666601,164.332427979
381.129592896,171.715860967,374.431238536,164.283599854
380.37727356,172.348401136,373.289989283,164.263122559
379.619514465,173.052794411,372.143766921,164.222869873
378.82660675,173.828853362,370.993453296,164.237304688
378.647544861,174.676280788,369.839962463,164.250274658
377.643943787,175.594668444,368.684239558,164.24230957
377.063339233,176.583496137,367.527259498,164.422302246
376.929161072,177.642131216,366.370025519,164.481628418
376.275032043,178.769828476,365.213567542,164.886932373
375.890289307,179.965730466,364.058940382,165.450012207
375.343093872,181.228868234,362.907221785,166.962860107
374.457466125,182.558162498,361.759510318,168.729248047
373.845748901,183.952425259,360.616923102,170.451141357
373.257705688,185.410361845,359.480593409,172.242462158
371.922180176,186.930573388,358.351668116,174.594207764
370.982467651,188.511559731,357.231305044,176.060180664
369.94128418,190.15172275,356.120670176,177.472137451
368.396148682,191.849370082,355.020934777,178.985443115
367.578094482,193.602719239,353.933272435,180.266357422
366.784637451,195.409902096,352.858856014,181.752166748
365.61265564,197.268969725,351.798854565,182.805633545
362.981018066,199.17789755,350.754430189,185.151092529
361.171691895,201.134590807,349.726734876,187.236755371
357.843933105,203.136890259,348.716907341,190.73059082
356.575714111,205.182578154,347.726069869,191.856842041
352.851470947,207.269384387,346.755325185,194.949798584
350.509872437,209.394992819,345.805753383,196.019958496
348.049484253,211.557047738,344.878408903,198.55847168
344.892120361,213.753160409,343.974317598,200.722198486
343.014953613,215.980915682,343.094473901,202.365112305
341.212005615,218.237878619,342.239838101,203.870849609
339.7734375,220.521601108,341.411333747,205.240020752
337.583221436,222.829628422,340.609845202,207.306976318
336.599487305,225.159505687,339.836215342,208.45703125
335.500427246,227.50878423,339.091243435,210.884460449
334.947387695,229.875027776,338.375683187,212.336914062
334.617355347,232.255818452,337.690240984,213.266235352
334.479125977,234.648762585,337.035574321,214.430023193
334.15965271,237.051496254,336.412290438,218.38192749
334.014816284,239.461690582,335.820945158,220.162322998
333.915710449,241.877056745,335.262041932,222.100341797
333.847396851,244.295350674,334.736031096,223.917755127
333.7840271,246.71437744,334.243309335,225.826690674
333.719314575,249.131995314,333.78421936,228.931182861
333.683578491,251.546119478,333.359049779,230.410827637
333.654220581,253.954725392,332.96803518,231.907928467
333.614822388,256.355851813,332.611356401,233.743377686
333.575683594,258.747603455,332.289140995,235.413208008
333.525512695,261.128153299,332.001463863,238.621032715
333.508026123,263.495744557,331.748348074,240.634033203
333.504425049,265.848692285,331.529765835,242.734588623
333.50553894,268.185384673,331.345639619,244.992156982
333.548477173,270.504283995,331.195843428,248.496414185
333.594284058,272.803927256,331.080204195,250.847137451
333.637481689,275.082926527,330.99850329,251.873947144
333.845733643,277.339969004,330.950478148,254.808135986
334.052001953,279.573816784,330.935823977,257.103118896
334.251358032,281.783306389,330.954195554,259.055023193
334.445785522,283.967348053,331.005209092,260.844558716
334.667984009,286.124924777,331.088444165,263.245666504
334.955230713,288.255091194,331.203445676,267.173202515
335.113739014,290.35697223,331.349725862,269.858627319
335.337265015,292.429761609,331.526766329,272.677902222
335.457611084,294.472720202,331.734020094,274.089675903
335.582260132,296.485174235,331.970913637,275.537353516
336.211746216,298.466513392,332.236848947,280.275100708
336.764785767,300.416188803,332.531205555,282.546661377
337.323287964,302.333710959,332.853342544,284.777496338
337.888504028,304.218647548,333.202600536,287.249343872
338.523117065,306.070621243,333.578303637,289.911529541
338.802642822,307.889307438,333.979761345,290.972122192
339.815307617,309.674431963,334.406270411,294.086898804
340.51020813,311.425768784,334.857116648,296.03578186
341.177261353,313.143137685,335.331576679,297.869506836
341.80960083,314.82640197,335.828919636,299.349334717
342.696609497,316.475466165,336.348408786,301.729675293
343.203674316,318.090273752,336.889303096,303.017929077
343.763977051,319.67080493,337.450858731,304.37928772
344.22088623,321.217074413,338.032330482,305.691543579
344.932312012,322.729129271,338.632973126,306.757217407
345.885787964,324.20704682,339.25204271,307.72114563
346.742553711,325.650932572,339.888797774,308.988021851
347.418746948,327.060918226,340.542500489,310.092788696
348.553527832,328.437159743,341.212417741,312.189575195
349.331604004,329.779835464,341.89782213,313.34173584
350.567016602,331.089144304,342.597992911,315.354812622
351.509521484,332.365304017,343.312216864,316.517333984
352.759719849,333.608549517,344.039789098,318.255203247
353.600753784,334.819131281,344.78001379,319.48059082
354.904266357,335.997313817,345.532204863,321.779937744
355.5652771,337.143374199,346.295686603,322.980773926
356.204284668,338.257600677,347.069794217,323.95753479
356.806350708,339.340291349,347.853874339,324.797546387
357.70324707,340.39175291,348.64728547,326.07460022
358.606918335,341.412299457,349.449398385,327.415252686
359.365936279,342.402251366,350.259596472,328.280303955
359.964675903,343.361934233,351.077276034,329.308807373
360.344802856,344.291677872,351.901846548,330.158752441
360.595581055,345.191815382,352.732730871,331.220825195
360.642532349,346.062682259,353.569365416,331.962905884
360.614547729,346.904615579,354.411200287,333.156158447
360.584899902,347.717953226,355.257699377,334.240936279
360.384262085,348.503033176,356.108340431,335.659301758
359.930114746,349.26019283,356.962615083,338.57585144
359.764755249,349.989768394,357.820028859,339.28288269
359.233352661,350.692094309,358.680101153,342.073669434
358.994491577,351.367502723,359.542365181,343.603988647
358.889877319,352.016323002,360.40636791,344.916244507
358.846755981,352.638881285,361.271669961,347.863937378
358.833496094,353.235500074,362.137845498,348.78465271
358.895385742,353.806497862,363.004482099,349.174591064
359.086639404,354.352188796,363.871180604,349.858184814
359.687149048,354.872882366,364.737554952,350.97203064
360.438949585,355.368883134,365.603232008,351.272277832
360.706863403,355.84049048,366.46785137,351.373809814
361.436325073,356.287998389,367.331065169,351.55267334
362.313522339,356.711695247,368.192537859,351.913894653
362.629119873,357.111863678,369.051946,352.094528198
363.281204224,357.488780387,369.90897803,352.206192017
363.743240356,357.842716036,370.763334031,352.321243286
364.524398804,358.173935135,371.61472549,352.723495483
364.524398804,358.482695951,372.462875061,352.723495483
365.370803833,358.76925043,373.307516309,352.911010742
367.00062561,359.033844146,374.148393466,353.054489136
368.257354736,359.276716254,374.985261178,353.142852783
370.604202271,359.498099461,375.817884245,353.250518799
371.82119751,359.698220008,376.646037372,353.300033569
372.599960327,359.877297668,377.469504908,353.321105957
377.810188293,360.035545748,378.288080595,353.37147522
378.131217957,360.17317111,379.101567305,353.396514893
379.052986145,360.290374189,379.909776793,353.429031372
380.045005798,360.387349033,380.712529439,353.466445923
381.17048645,360.46428334,381.509653995,353.514801025
381.767593384,360.521358512,382.300987342,353.554672241
382.510025024,360.558749702,383.086374236,353.600311279
382.829627991,360.576625885,383.865667068,353.624099731
383.410514832,360.575149916,384.638725617,353.645355225
383.614425659,360.554478608,385.405416818,353.662887573
383.702842712,360.514762807,386.165614523,353.678161621
383.941223145,360.456147469,386.919199267,353.695678711
384.052619934,360.378771752,387.666058044,353.710266113
384.059143066,360.282769097,388.40608408,353.74005127
384.061103821,360.168267321,389.139176612,353.830429077
384.058883667,360.035388715,389.865240673,353.925735474
384.058082581,359.884250135,390.584186878,354.027862549
384.078697205,359.714963106,391.295931213,354.193344116
384.141860962,359.527633917,392.000394833,354.451980591
384.195571899,359.322363731,392.697503863,354.685638428
384.505241394,359.099248687,393.387189196,355.017120361
384.709114075,358.858380005,394.069386305,355.316345215
385.221206665,358.599844094,394.744035055,355.651016235
385.616958618,358.323722665,395.411079514,356.015899658
385.751876831,358.030092837,396.070467779,356.654373169
386.465705872,357.719027252,396.722151797,357.370635986
387.058372498,357.390594186,397.366087193,357.695953369
387.380447388,357.044857664,398.002233104,357.975723267
387.666946411,356.681877573,398.630552011,358.315872192
387.971817017,356.301709781,399.251009584,358.841400146
389.190734863,355.904406249,399.863574522,359.360305786
389.74835968,355.490015153,400.468218404,359.451980591
390.835319519,355.058581001,401.064915536,359.517074585
391.751831055,354.61014475,401.653642809,359.568817139
392.159545898,354.14474393,402.234379556,359.630615234
392.415275574,353.662412763,402.807107416,359.663574219
392.654586792,353.163182287,403.371810196,359.703796387
392.962615967,352.647080477,403.928473743,359.688552856
392.996437073,352.114132369,404.477085814,359.657913208
393.63167572,351.564360191,405.017635953,359.411499023
393.856437683,350.997783481,405.550115366,359.243881226
394.075332642,350.414419222,406.074516805,358.462814331
394.257675171,349.814281968,406.590834454,357.793624878
394.722511292,349.197383975,407.099063809,356.739212036
394.744865417,348.563735335,407.599201578,356.047058105
395.555786133,347.913344105,408.091245562,354.679473877
395.707839966,347.246216448,408.575194562,353.661987305
395.981796265,346.562356767,409.051048266,352.660766602
396.147346497,345.861767843,409.518807156,351.946960449
396.249481201,345.144450981,409.978472409,351.504425049
396.636734009,344.410406145,410.430045798,348.669113159
396.819503784,343.659632113,410.873529606,345.362014771
397.206100464,342.892126617,411.308926528,342.773696899
399.161361694,342.107886496,411.736239585,342.049758911
399.025436401,341.306907849,412.155472038,339.274337769
399.33190918,340.48918619,412.566627301,337.636016846
399.675598145,339.654716607,412.96970886,335.18711853
399.949409485,338.803493923,413.364720187,333.367034912
400.260002136,337.935512858,413.751664667,330.180511475
400.52230072,337.050768202,414.130545512,328.098403931
400.803718567,336.149254981,414.50136569,326.706680298
400.966438293,335.230968634,414.864127848,326.198043823
400.921424866,334.295905193,415.218834236,324.91355896
400.701507568,333.344061462,415.565486636,324.091278076
401.584602356,332.375435206,415.904086294,322.831481934
402.562736511,331.390025341,416.234633842,322.20489502
403.21673584,330.387832128,416.557129235,321.576385498
403.138999939,329.368857375,416.871571683,321.211868286
403.448020935,328.333104637,417.177959581,320.800857544
403.540275574,327.280579432,417.476290444,320.230545044
403.573936462,326.211289446,417.766560844,319.802520752
403.70464325,325.125244762,418.048766343,319.622665405
403.955253601,324.022458075,418.322901432,319.430404663
404.110847473,322.902944931,418.588959468,319.289337158
404.261207581,321.766723959,418.846932608,319.120178223
404.329772949,320.61381711,419.096811756,319.069992065
404.38835144,319.444249911,419.338586494,319.023452759
404.442726135,318.258051714,419.572245029,318.981719971
404.473579407,317.05525596,419.79777413,318.858581543
404.447296143,315.835900444,420.015159067,318.077789307
404.3852005,314.60002759,420.224383562,317.672821045
404.43347168,313.347684728,420.425429718,316.432357788
404.525390625,312.078924389,420.618277976,315.180465698
404.591644287,310.793804593,420.802907046,314.117950439
404.580154419,309.492389153,420.97929386,313.640197754
404.614334106,308.174747987,421.147413511,312.65473938
404.873565674,306.840957433,421.307239198,311.718505859
405.185592651,305.491100575,421.458742175,310.804519653
405.312835693,304.125267575,421.601891694,309.958007812
405.459259033,302.743556014,421.736654949,309.213378906
405.828491211,301.346071244,421.862997029,308.265701294
405.804344177,299.932926738,421.980880859,307.799362183
406.19493103,298.504244463,422.090267151,307.048919678
406.551063538,297.060155251,422.191114352,306.623397827
406.67401886,295.600799179,422.283378593,305.881393433
407.171592712,294.126325961,422.367013639,305.204116821
407.293998718,292.636895349,422.441970839,304.423843384
407.323883057,291.132677535,422.508199078,304.118484497
407.664558411,289.613853574,422.56564473,303.345474243
408.220474243,288.0806158,422.61425161,302.113372803
408.501014709,286.533168266,422.653960929,301.242401123
409.181404114,284.971727179,422.684711251,300.190200806
409.500816345,283.39652135,422.706438446,299.391876221
410.26764679,281.807792654,422.719075656,296.849517822
410.417854309,280.205796487,422.722553245,296.033859253
410.564842224,278.590802245,422.716798771,292.960601807
410.71938324,276.963093797,422.701736943,291.549728394
410.859382629,275.322969975,422.677289587,289.537979126
410.94506073,273.670745064,422.64337562,287.690093994
411.046401978,272.0067493,422.599911014,284.964111328
411.092094421,270.331329374,422.546808773,282.480041504
411.103729248,268.644848943,422.483978911,281.168930054
411.106430054,266.947689141,422.411328426,279.747756958
411.133750916,265.240249097,422.32876129,278.233062744
411.125930786,263.522946456,422.236178433,276.637023926
411.454666138,261.796217903,422.133477732,274.421966553
411.714836121,260.060519687,422.020554013,272.106185913
411.917602539,258.316328143,421.897299048,270.857162476
412.553733826,256.564140222,421.76360156,269.249328613
412.946525574,254.80447401,421.619347239,267.260910034
413.055931091,253.037869251,421.464418758,266.610809326
413.08518219,251.264887863,421.298695797,264.759063721
413.157737732,249.486114447,421.122055076,263.4012146
413.153541565,247.702156792,420.934370397,262.091247559
413.317420959,245.913646374,420.735512688,260.311203003
413.468910217,244.121238836,420.525350062,258.999465942
413.702980042,242.325614463,420.303747884,257.338134766
414.088493347,240.52747864,420.070568846,256.036453247
414.616485596,238.727562298,419.825673055,254.608184814
414.667549133,236.926622332,419.568918132,253.013320923
414.675506592,235.125442009,419.300159321,251.61076355
414.702301025,233.324831346,419.019249616,250.059616089
414.811790466,231.525627461,418.726039896,248.214813232
414.753219604,229.7286949,418.42037908,247.18661499
414.745147705,227.934925928,418.102114289,245.844345093
414.4296875,226.145240789,417.771091039,245.20401001
413.956893921,224.360587919,417.427153434,243.674224854
413.673530579,222.581944129,417.07014439,241.993835449
413.529373169,220.810314733,416.69990587,240.268707275
413.499130249,219.046733632,416.316279148,239.797393799
413.160438538,217.292263343,415.91910508,238.292419434
413.104614258,215.54799497,415.508224414,236.268676758
412.78855896,213.81504812,415.083478109,234.381500244
412.588546753,212.094570743,414.644707683,233.265991211
410.640922546,210.38773891,414.191755589,231.331665039
410.957054138,208.695756517,413.724465613,229.439056396
411.418823242,207.019854905,413.242683295,226.539123535
411.51474762,205.361292401,412.74625639,224.595306396
411.492424011,203.721353765,412.235035344,220.665679932
411.120315552,202.101349554,411.708873806,216.366607666
411.015899658,200.502615377,411.167629171,213.880645752
411.165512085,198.926511055,410.611163151,210.175720215
410.928009033,197.374419671,410.039342375,206.630706787
410.800079346,195.847746505,409.452039031,202.563690186
410.748764038,194.347917862,408.849131527,199.453887939
410.679634094,192.876379767,408.230505193,197.076446533
410.250343323,191.434596545,407.596053016,194.207305908
410.06804657,190.024049266,406.945676401,191.701477051
409.740440369,188.646234061,406.279285974,189.599090576
409.490646362,187.302660298,405.596802406,188.285003662
409.357826233,185.994848626,404.898157277,187.170715332
408.909767151,184.724328867,404.18329397,185.311950684
408.913414001,183.492637776,403.452168589,184.149230957
408.745162964,182.301316647,402.704750909,182.768554688
408.453109741,181.151908778,401.941025356,180.326385498
408.286422729,180.045956791,401.160992001,179.093780518
408.049255371,178.9849998,400.364667589,179.028015137
407.769844055,177.970570444,399.552086581,179.449554443
407.010826111,177.004191771,398.723302209,179.622436523
406.393875122,176.087373989,397.878387555,179.559753418
406.01285553,175.221611078,397.017436632,179.236846924
405.809188843,174.408377279,396.14056547,178.807037354
405.673843384,173.649123454,395.24791321,178.567352295
405.645095825,172.945273337,394.339643185,178.624328613
405.613975525,172.298219678,393.415944005,177.147338867
405.543327332,171.709320285,392.477030608,176.649932861
405.509895325,171.179893994,391.523145312,177.219329834
405.499397278,170.711216555,390.554558822,177.420043945
405.423019409,170.304516466,389.571571217,176.427490234
405.426818848,169.960970766,388.574512879,175.815887451
405.398544312,169.681700798,387.563745394,175.883575439
405.400886536,169.467767966,386.539662378,175.946990967
405.487190247,169.320169506,385.502690247,176.064239502
405.537063599,169.23983428,384.453288919,176.073242188
405.428512573,169.227618632,383.391952421,175.710723877
404.666610718,169.284302312,382.319209423,175.325622559
404.014060974,169.410584499,381.235623662,175.167572021
403.119338989,169.607079948,380.141794267,175.099700928
401.177597046,169.874315277,379.038355966,174.988739014
397.575492859,170.212725431,377.925979176,170.177734375
396.571723938,170.622650336,376.805369957,169.356842041
394.951904297,171.104331776,375.677269833,169.621887207
392.833595276,171.657910508,374.542455474,170.15512085
391.768821716,172.28342366,373.401738219,170.338562012
389.495758057,172.980802402,372.255963453,171.147827148
387.39138031,173.749869949,371.106009818,171.420196533
386.295021057,174.59033989,369.95278827,171.825469971
384.623695374,175.501814876,368.797240961,172.462646484
383.178009033,176.48378568,367.640339962,172.594726562
382.034965515,177.535630653,366.483085809,172.721405029
381.355682373,178.65661558,365.326505894,172.77130127
380.176490784,179.845893953,364.171652682,172.917419434
377.866790771,181.102507669,363.01960177,173.173187256
375.742080688,182.425388163,361.871449786,173.115570068
374.562110901,183.813357978,360.728312143,173.05682373
373.348587036,185.265132761,359.591320646,172.937316895
370.788650513,186.779323705,358.461620957,173.255279541
368.486175537,188.35444041,357.340369948,173.69744873
367.762268066,189.988894168,356.22873293,174.108093262
366.638626099,191.681001648,355.127880783,174.777679443
365.115615845,193.428988977,354.038986998,176.801116943
364.250427246,195.230996191,352.963224648,178.623718262
363.471511841,197.085082033,351.901763293,181.291625977
363.245285034,198.989229085,350.855765852,182.881103516
362.836410522,200.941349192,349.826385443,184.641174316
362.679290771,202.939289158,348.814762217,185.764984131
362.563201904,204.980836682,347.822020203,187.468597412
362.508026123,207.063726496,346.849264176,188.63684082
362.426574707,209.185646677,345.897576573,191.555145264
362.324050903,211.344245093,344.968014471,194.48236084
362.245162964,213.537135945,344.061606645,196.139556885
361.943099976,215.76190637,343.17935072,199.989532471
361.310577393,218.016123074,342.322210437,204.296478271
360.495147705,220.297338942,341.491113046,207.235351562
359.445159912,222.603099605,340.686946842,210.007476807
358.292755127,224.930949921,339.910558852,212.858062744
356.796401978,227.278440337,339.162752693,215.102813721
354.299819946,229.643133097,338.444286606,219.473999023
352.416473389,232.022608273,337.755871671,221.714996338
350.179595947,234.414469575,337.098170225,224.808837891
349.337783813,236.81634994,336.471794473,225.544311523
347.294692993,239.22591684,335.877305308,227.890960693
346.030654907,241.640877326,335.315211333,229.839538574
344.600448608,244.058982755,334.785968101,232.449310303
343.792297363,246.478033214,334.28997756,233.580932617
342.869644165,248.895881606,333.827587701,235.070068359
341.945037842,251.310437398,333.399092419,236.735015869
341.243209839,253.719670021,333.004731572,238.345336914
340.18963623,256.121611924,332.644691234,241.397186279
339.568099976,258.514361268,332.319104136,242.94519043
339.024078369,260.896084273,332.028050293,244.726806641
338.606384277,263.265017209,331.771557798,247.050094604
338.189605713,265.619468053,331.549603781,250.608901978
337.942153931,267.9578178,331.36211552,252.64225769
337.742218018,270.278521452,331.208971694,255.368225098
337.529754639,272.580108691,331.090003771,257.280441284
337.435028076,274.861184247,331.004997503,259.997940063
337.359207153,277.12042798,330.953694544,263.815658569
337.312332153,279.356594687,330.93579415,267.32711792
337.309249878,281.568513644,330.950954968,270.08253479
337.334228516,283.755087919,330.998796895,272.492477417
337.372360229,285.915293453,331.078902999,273.891845703
337.48324585,288.048177933,331.190821482,277.943511963
337.604995728,290.15285948,331.334067684,280.271575928
337.739395142,292.228525167,331.508126116,283.116577148
337.89906311,294.27442938,331.712452496,287.091140747
337.91734314,296.289892042,331.946475807,288.203948975
337.923721313,298.274296721,332.209600342,291.834960938
337.906356812,300.227088636,332.501207737,294.284439087
337.743240356,302.147772571,332.820658985,298.351409912
337.58984375,304.035910723,333.167296426,300.68812561
337.425262451,305.891120489,333.540445693,302.617248535
337.047668457,307.713072212,333.939417631,305.701446533
336.77633667,309.501486898,334.363510156,307.184265137
336.305847168,311.256133908,334.812010069,310.215484619
335.873565674,312.976828653,335.284194818,311.758834839
335.489715576,314.663430284,335.779334194,313.508361816
335.157302856,316.315839401,336.296691965,315.215499878
334.804519653,317.933995778,336.835527452,317.751068115
334.6431427,319.517876125,337.395097031,319.521652222
334.497146606,321.067491878,337.974655565,320.97845459
334.378051758,322.582887039,338.573457774,322.242553711
334.279434204,324.064136062,339.190759528,323.320755005
334.244934082,325.51134179,339.825819069,323.956939697
334.206588745,326.924633452,340.477898168,325.266387939
334.177581787,328.304164721,341.146263202,326.218200684
334.159255981,329.650111831,341.83018617,329.177932739
334.204803467,330.962671767,342.52894564,331.915618896
334.22706604,332.242060514,343.241827619,333.218063354
334.281356812,333.488511383,343.968126368,333.977172852
334.349807739,334.702273398,344.707145147,334.466949463
334.380218506,335.883609762,345.458196899,334.731491089
334.402053833,337.032796384,346.220604871,335.283355713
334.519271851,338.15012048,346.993703182,336.350875854
334.570480347,339.235879244,347.776837325,336.589996338
334.767730713,340.290378584,348.569364628,337.758773804
335.024581909,341.313931923,349.370654647,338.565032959
335.244644165,342.306859072,350.180089524,339.678771973
335.60760498,343.269485162,350.99706429,340.942016602
335.935760498,344.202139639,351.820987122,341.830963135
336.483322144,345.105155317,352.651279563,342.778564453
336.720031738,345.978867498,353.487376695,342.94229126
337.532608032,346.823613138,354.328727279,343.568695068
337.986846924,347.639730073,355.174793856,343.891372681
338.524475098,348.427556301,356.025052818,344.179016113
339.115310669,349.187429307,356.878994439,344.512420654
339.851486206,349.919685441,357.736122889,345.073074341
341.162612915,350.624659339,358.595956209,346.010925293
342.080368042,351.302683396,359.458026267,346.640106201
344.030975342,351.954087269,360.32187869,347.65007019
345.335357666,352.579197432,361.187072768,348.205657959
346.260681152,353.178336758,362.05318135,348.397613525
348.40737915,353.75182415,362.919790708,348.973632812
349.865783691,354.299974191,363.786500392,349.413131714
352.170928955,354.823096841,364.652923071,350.125518799
353.711669922,355.321497152,365.518684354,350.578125
355.105682373,355.795475024,366.383422602,350.815734863
356.52406311,356.245324974,367.246788733,351.168029785
358.926879883,356.671335947,368.108446005,351.693878174
360.45413208,357.073791135,368.968069806,351.984741211
362.149749756,357.452967827,369.825347421,352.268478394
363.543960571,357.809137281,370.679977807,352.501464844
364.912963867,358.142564614,371.531671348,352.7784729
367.041687012,358.453508704,372.380149615,353.095428467
368.335388184,358.742222119,373.22514512,353.608154297
368.991836548,359.008951057,374.066401063,353.904541016
369.454376221,359.253935303,374.903671082,354.09173584
369.991912842,359.477408193,375.736718999,354.266357422
371.121139526,359.679596602,376.56531856,354.513916016
372.116271973,359.860720935,377.389253186,355.414215088
373.093017578,360.020995129,378.208315709,356.762695312
373.695510864,360.160626675,379.022308122,357.309173584
374.301124573,360.279816635,379.831041323,357.682266235
374.593528748,360.378759679,380.634334859,357.88243103
375.988105774,360.457644125,381.432016677,358.318313599
376.344520569,360.516651986,382.223922874,358.666717529
376.807777405,360.555959025,383.009897446,358.992919922
376.534301758,360.575734815,383.78979205,359.243850708
376.183502197,360.576142808,384.563465754,359.400268555
376.08568573,360.557340404,385.330784804,359.641479492
375.964355469,360.519479027,386.091622385,360.057785034
375.909568787,360.462704207,386.84585839,360.876235962
375.960487366,360.387155663,387.593379192,361.22833252
376.147605896,360.292967391,388.334077418,361.444442749
376.798416138,360.180267755,389.067851728,361.603347778
377.243049622,360.04917958,389.794606596,361.874572754
377.528717041,359.89982025,390.514252102,361.951721191
377.915771484,359.732301804,391.226703716,362.082229614
378.104827881,359.546731041,391.931882098,362.105224609
378.584861755,359.34320962,392.629712894,362.141738892
380.220085144,359.121834164,393.320126542,362.172546387
380.689682007,358.88269637,394.003058074,362.19128418
381.431472778,358.625883114,394.678446934,362.175308228
381.947891235,358.351476559,395.346236789,362.10218811
382.379570007,358.059554269,396.006375348,362.011749268
383.34753418,357.750189318,396.658814192,361.841888428
384.081069946,357.423450404,397.303508592,361.639831543
384.731590271,357.079401962,397.940417349,361.411437988
385.380134583,356.718104279,398.569502625,361.32925415
386.246925354,356.339613609,399.190729786,361.134109497
387.075576782,355.943982291,399.804067242,360.994186401
387.851371765,355.531258865,400.409486296,360.851608276
389.202941895,355.101488192,401.006960994,360.704864502
390.749778748,354.654711571,401.596467981,360.568450928
391.461280823,354.190966862,402.177986358,360.500900269
391.973945618,353.710288605,402.751497544,360.445220947
392.763328552,353.212708142,403.31698514,360.400512695
393.766921997,352.698253743,403.874434801,360.21244812
394.187835693,352.166950727,404.423834101,359.964797974
394.73134613,351.618821588,404.965172415,359.763977051
395.2449646,351.053886123,405.498440792,359.541519165
395.960289001,350.472161559,406.02363184,359.232467651
396.865264893,349.873662681,406.540739605,359.054840088
397.843055725,349.258401965,407.049759462,358.722198486
398.326057434,348.626389706,407.550688003,358.469070435
398.303329468,347.977634157,408.04352293,358.296005249
399.028495789,347.312141657,408.528262948,358.041137695
399.510887146,346.629916777,409.004907665,357.686447144
399.921142578,345.930962451,409.473457489,357.372039795
400.208335876,345.215280119,409.933913532,357.035980225
400.233787537,344.482869873,410.386277515,356.745330811
399.767120361,343.733730598,410.830551673,356.211196899
399.616333008,342.967860122,411.266738666,355.756286621
399.654975891,342.185255365,411.694841488,354.894500732
399.767318726,341.385912492,412.114863378,354.549468994
399.675559998,340.569827067,412.526807741,354.299636841
400.012115479,339.736994212,412.930678058,354.039642334
400.935112,338.887408769,413.326477807,353.06993103
401.881355286,338.021065461,413.714210383,351.970077515
402.404212952,337.137959063,414.093879021,350.729476929
403.841705322,336.23808457,414.465486715,350.038696289
403.731887817,335.321437375,414.829036146,348.935272217
405.248664856,334.388013441,415.184529607,347.826019287
405.102416992,333.437809491,415.531968929,346.937316895
404.864814758,332.470823187,415.871355412,345.89024353
404.852462769,331.487053323,416.202689752,344.129684448
404.852462769,330.486500021,416.525971974,344.129684448
404.768676758,329.469164928,416.841201363,339.593994141
405.290489197,328.435051421,417.148376396,338.78805542
405.34336853,327.384164814,417.447494678,338.023178101
405.587112427,326.316512574,417.738552875,334.47644043
405.724029541,325.232104538,418.021546651,333.554916382
405.775588989,324.130953138,418.296470605,332.129501343
405.688026428,323.01307363,418.563318205,330.455352783
405.944992065,321.87848433,418.822081731,328.837905884
406.214073181,320.727206855,419.072752211,327.263748169
405.746063232,319.559266371,419.315319359,324.998153687
405.795822144,318.374691846,419.549771518,324.453521729
405.770980835,317.173516308,419.776095601,322.96673584
405.805435181,315.955777116,419.994277028,321.857681274
405.917098999,314.721516227,420.204299672,320.062301636
406.015174866,313.470780483,420.4061458,318.322647095
406.042518616,312.20362189,420.599796015,317.361831665
406.046562195,310.920097921,420.785229201,317.047958374
406.033828735,309.620271808,420.962422465,316.592086792
405.760147095,308.30421286,421.131351081,315.857421875
405.727676392,306.971996772,421.291988439,315.198303223
405.672477722,305.623705956,421.444305982,314.54447937
405.715103149,304.259429865,421.588273161,313.645843506
405.800956726,302.879265342,421.723857375,310.861343384
405.863624573,301.483316963,421.851023918,309.808181763
405.983535767,300.071697392,421.969735932,308.701889038
406.149971008,298.64452775,422.079954345,307.054458618
406.260887146,297.201937985,422.181637828,305.222290039
406.285476685,295.744067253,422.274742742,304.368423462
406.371856689,294.271064312,422.359223085,303.180969238
406.496437073,292.783087911,422.435030443,301.939834595
406.706558228,291.280307208,422.502113945,301.113494873
406.854537964,289.762902174,422.560420211,298.731018066
406.95955658,288.231064026,422.60989331,296.974685669
406.995521545,286.684995649,422.650474709,296.073806763
407.47328949,285.124912045,422.682103231,292.446395874
407.548416138,283.551040773,422.704715014,291.785858154
407.482124329,281.96362241,422.718243464,290.866653442
407.077636719,280.362911011,422.722619223,289.456802368
407.078918457,278.749174583,422.717770121,288.168426514
407.098968506,277.12269556,422.703621149,286.409454346
407.097236633,275.48377129,422.680094415,285.114379883
406.807487488,273.832714525,422.647109123,283.627563477
406.793395996,272.169853922,422.604581533,282.204772949
406.956604004,270.49553454,422.55242494,280.779327393
406.797149658,268.810118357,422.490549651,278.607528687
406.763198853,267.113984776,422.418862961,277.142105103
407.008369446,265.407531144,422.337269137,275.432617188
407.308143616,263.691173276,422.245669405,273.890991211
407.439239502,261.965345972,422.143961944,271.109863281
407.652259827,260.230503545,422.032041877,268.419158936
407.877655029,258.487120345,421.909801273,267.025222778
408.409065247,256.735691286,421.777129154,264.880691528
408.626022339,254.976732366,421.633911504,263.522399902
408.721603394,253.21078119,421.480031291,261.647766113
408.854873657,251.438397485,421.315368486,259.411132812
408.872497559,249.660163614,421.139800098,258.32258606
408.886146545,247.87668508,420.953200209,257.788467407
408.943572998,246.088591021,420.755440028,255.370986938
409.120300293,244.296534697,420.546387939,253.582473755
409.253013611,242.501193965,420.325909574,251.99659729
409.478675842,240.70327174,420.09386788,250.454177856
409.803222656,238.903496434,419.850123215,248.816223145
409.683494568,237.10262239,419.594533436,246.299743652
409.697814941,235.30143028,419.326954015,244.924911499
409.72833252,233.500727491,419.04723816,243.352905273
409.751335144,231.701348477,418.755236951,241.178527832
409.776626587,229.904155092,418.45079949,240.078552246
409.765037537,228.11003688,418.133773067,238.879150391
409.389167786,226.31991134,417.804003345,236.991882324
409.380508423,224.534724147,417.461334558,235.435791016
409.357780457,222.75544933,417.105609726,234.014068604
409.257614136,220.983089416,416.736670896,232.64666748
409.224250793,219.218675508,416.354359396,231.556274414
408.783531189,217.463267329,415.958516112,230.188476562
408.834236145,215.717953192,415.548981786,229.890167236
408.997108459,213.983849924,415.125597343,228.702087402
409.184860229,212.262102715,414.68820423,227.839782715
409.353843689,210.553884899,414.236644791,226.829406738
409.51436615,208.86039767,413.770762664,224.903320312
409.639480591,207.182869705,413.290403198,221.727935791
409.645469666,205.522556717,412.795413911,219.103393555
409.6251297,203.88074091,412.285644963,217.733398438
409.411735535,202.258730352,411.760949669,215.650970459
409.475822449,200.657858239,411.22118503,212.659515381
409.583091736,199.079482066,410.666212312,209.873779297
409.892707825,197.524982687,410.095897637,207.322662354
410.031066895,195.995763266,409.510112618,206.000244141
410.012115479,194.493248106,408.908735027,205.481811523
410.015899658,193.018881367,408.291649486,203.763702393
410.014419556,191.574125652,407.6587482,201.502716064
410.0234375,190.160460467,407.009931717,199.41116333
410.013313293,188.779380549,406.345109725,196.434631348
409.998748779,187.432394058,405.664201877,194.804046631
410.007995605,186.12102063,404.967138648,194.383911133
410.015823364,184.846789287,404.253862228,193.010986328
410.007820129,183.61123621,403.524327436,192.165008545
409.903190613,182.415902359,402.778502669,190.100708008
409.841972351,181.262330953,402.016370876,189.571075439
409.720802307,180.1520648,401.237930556,189.17276001
409.702018738,179.086643488,400.44319678,188.524261475
409.43245697,178.067600422,399.632202229,188.323181152
408.623626709,177.096459728,398.804998255,188.067169189
408.464363098,176.174733018,397.961655954,187.802947998
407.973709106,175.303916009,397.102267243,187.067932129
407.911575317,174.485485028,396.226945955,186.524261475
407.816223145,173.720893388,395.335828924,185.955108643
407.234382629,173.01156764,394.429077072,185.317321777
406.902442932,172.358903734,393.50687649,185.244659424
405.175468445,171.764263071,392.569439498,184.083251953
404.112258911,171.228968474,391.617005695,183.416259766
402.013153076,170.754300086,390.649842968,183.238952637
399.852424622,170.341491207,389.668248481,183.145904541
399.011764526,169.991724091,388.672549618,182.924591064
395.145195007,169.70612571,387.663104876,182.388397217
390.628425598,169.485763512,386.640304707,182.207550049
388.193466187,169.331641189,385.604572292,182.026153564
385.575904846,169.244694467,384.556364243,181.966552734
384.706108093,169.225786959,383.496171233,181.928833008
382.44744873,169.275706075,382.424518524,181.840637207
380.704162598,169.395159039,381.341966412,181.770599365
379.549468994,169.584769021,380.249110555,181.625274658
378.005508423,169.845071412,379.146582199,181.204956055
376.815475464,170.176510264,378.035048271,180.345031738
375.808792114,170.579434929,376.915211355,179.63394165
374.561523438,171.054096912,375.787809522,177.914428711
373.998260498,171.600646962,374.653616025,176.971130371
373.282989502,172.219132439,373.513438841,174.980804443
372.080429077,172.909494962,372.368120059,173.668457031
371.296859741,173.671568372,371.218535113,172.752807617
370.435394287,174.505077035,370.065591846,171.357452393
369.545684814,175.409634489,368.910229417,170.305206299
368.780685425,176.384742469,367.753417032,168.539764404
368.217697144,177.429790326,366.596152517,167.676269531
367.715133667,178.544054837,365.439460714,166.833557129
367.362670898,179.726700443,364.284391722,166.566741943
366.852462769,180.976779903,363.132018966,166.196838379
366.419418335,182.293235384,361.983437117,166.224334717
366.014511108,183.674899988,360.839759857,166.676483154
365.459838867,185.120499705,359.702117496,168.086151123
364.938461304,186.628655817,358.571654459,169.994537354
363.882659912,188.197887714,357.449526642,172.954559326
363.025680542,189.826616135,356.336898656,174.816009521
